{"title":"Análisis de la administración del personal","markdown":{"yaml":{"title":"Análisis de la administración del personal","subtitle":"SIAP - IMSS"},"headingText":"Introducción","containsRefs":false,"markdown":"\n\n<!-- # {{< meta report_title >}} -->\n\n<!-- **{{< meta report_subtitle >}}** -->\n\n**Tipo de plantilla:** {{< meta tipo_plantilla >}}\n\n**Quincena reporta:** {{< meta quincena >}}\n\n**Responsable:** {{< meta author_1 >}}\n\n**Fecha de generación:** `r format(Sys.Date(), '%d/%m/%Y')`\n\n\n\n\n- **Objetivo**: Definir el propósito del análisis (por ejemplo, analizar patrones en el ausentismo laboral y su relación con métricas de salud).\n- **Descripción del conjunto de datos**: \n  - Fuente: Sistema de Recursos Humanos.\n  - Período: 2015-2023.\n  - Tamaño: `r nrow(dataset)` observaciones y `r ncol(dataset)` variables.\n- **Preguntas clave**: \n  - ¿Cuáles son las tendencias temporales en el ausentismo laboral?\n  - ¿Existen diferencias significativas entre departamentos?\n\n\n### Descripción de los datos\n\n#### Estructura de los datos\n```{r}\n# Código para mostrar la estructura y dimensiones del conjunto de datos\nstr(dataset)\ndim(dataset)\n\n# Resumen de las variables\nsummary(dataset)\n```\n\n#### Tipos de variables\n\nVariables categóricas: Sexo, departamento, estado civil.\nVariables numéricas: Edad, salario, días de ausencia.\nVariables de fecha: Fecha de contratación, fecha de inicio de ausencia.\n\n\n#### Datos faltantes\n\nPorcentaje de valores faltantes por variable:\n\n```{r}\n# Visualización de datos faltantes\nlibrary(naniar)\nvis_miss(dataset\n```\n\n\nEstrategia para manejar datos faltantes:\nImputación media para datos numéricos.\nCompletar categorías faltantes con \"Desconocido\".\n\n#### Calidad de datos vs CURP\n\n\n\n## Análisis univariado\n\n### Variables numéricas\n\nEstadísticas descriptivas:\n```{r}\n# Resumen de variables numéricas\nsummary(dataset$edad)\n```\n\nDistribuciones:\n```{r}\n# Histograma de una variable numérica\nhist(dataset$edad, main = \"Distribución de la Edad\", xlab = \"Edad\")\n```\n\n\nDistribución de edad y género\n```{r}\n\n```\n\n\n### Variables categóricas\n\nFrecuencias:\n```{r}\n# Tabla de frecuencias\ntable(dataset$sexo)\n```\n\n\nVisualización:\n```{r}\n# Gráfico de barras\nbarplot(table(dataset$sexo), main = \"Distribución por Sexo\", col = \"lightblue\")\n```\n\n\n\n### Variables de fecha\n\nRangos de fechas:\n```{r}\n# Resumen de fechas\nsummary(dataset$fecha_contratacion)\n```\n\nVisualización de tendencias:\n```{r}\n# Gráfico de líneas para eventos temporales\nlibrary(ggplot2)\nggplot(dataset, aes(x = fecha_contratacion)) +\n  geom_histogram(binwidth = 365, fill = \"blue\", color = \"white\") +\n  labs(title = \"Contrataciones a lo Largo del Tiempo\", x = \"Fecha\", y = \"Conteo\")\n```\n\n## Análisis bivariado\n\n### Numérica vs. numérica\n\nCorrelación:\n```{r}\n# Matriz de correlación\ncor(dataset[, sapply(dataset, is.numeric)])\n```\n\n\n### Numérica vs. categórica\n\nComparación entre grupos:\n```{r}\n# Prueba t y boxplot\nboxplot(edad ~ sexo, data = dataset, main = \"Comparación de Edad por Sexo\")\nt.test(edad ~ sexo, data = dataset)\n```\n\n### Categórica vs. categórica\n\nTablas de contingencia:\n```{r}\n# Tabla cruzada\ntable(dataset$sexo, dataset$estado_civil)\nchisq.test(table(dataset$sexo, dataset$estado_civil))\n```\n\n### Visualizaciones avanzadas\n\nCorrelación entre variables numéricas:\n```{r}\n# Gráfico de tendencia temporal\nggplot(dataset, aes(x = fecha_inicio_ausencia, y = dias_ausencia)) +\n  geom_line() +\n  labs(title = \"Tendencia de Días de Ausencia\", x = \"Fecha\", y = \"Días de Ausencia\")\n```\n\nPatrones temporales:\n```{r}\n# Mapa de calor de correlaciones\nlibrary(corrplot)\ncorrplot(cor(dataset[, sapply(dataset, is.numeric)]), method = \"circle\")\n```\n\n\n## Resumen y conclusiones\n\nHallazgos clave:\nEdad promedio de los empleados: r mean(dataset$edad, na.rm = TRUE).\nLa mayoría de las ausencias ocurren en el departamento de producción.\nPróximos pasos:\nAnalizar factores predictivos de ausentismo usando modelos estadísticos.\n\n## Apéndice\n\n### Información de sesión\n\n`r sessionInfo()`\n\n","srcMarkdownNoYaml":"\n\n<!-- # {{< meta report_title >}} -->\n\n<!-- **{{< meta report_subtitle >}}** -->\n\n**Tipo de plantilla:** {{< meta tipo_plantilla >}}\n\n**Quincena reporta:** {{< meta quincena >}}\n\n**Responsable:** {{< meta author_1 >}}\n\n**Fecha de generación:** `r format(Sys.Date(), '%d/%m/%Y')`\n\n\n\n## Introducción\n\n- **Objetivo**: Definir el propósito del análisis (por ejemplo, analizar patrones en el ausentismo laboral y su relación con métricas de salud).\n- **Descripción del conjunto de datos**: \n  - Fuente: Sistema de Recursos Humanos.\n  - Período: 2015-2023.\n  - Tamaño: `r nrow(dataset)` observaciones y `r ncol(dataset)` variables.\n- **Preguntas clave**: \n  - ¿Cuáles son las tendencias temporales en el ausentismo laboral?\n  - ¿Existen diferencias significativas entre departamentos?\n\n\n### Descripción de los datos\n\n#### Estructura de los datos\n```{r}\n# Código para mostrar la estructura y dimensiones del conjunto de datos\nstr(dataset)\ndim(dataset)\n\n# Resumen de las variables\nsummary(dataset)\n```\n\n#### Tipos de variables\n\nVariables categóricas: Sexo, departamento, estado civil.\nVariables numéricas: Edad, salario, días de ausencia.\nVariables de fecha: Fecha de contratación, fecha de inicio de ausencia.\n\n\n#### Datos faltantes\n\nPorcentaje de valores faltantes por variable:\n\n```{r}\n# Visualización de datos faltantes\nlibrary(naniar)\nvis_miss(dataset\n```\n\n\nEstrategia para manejar datos faltantes:\nImputación media para datos numéricos.\nCompletar categorías faltantes con \"Desconocido\".\n\n#### Calidad de datos vs CURP\n\n\n\n## Análisis univariado\n\n### Variables numéricas\n\nEstadísticas descriptivas:\n```{r}\n# Resumen de variables numéricas\nsummary(dataset$edad)\n```\n\nDistribuciones:\n```{r}\n# Histograma de una variable numérica\nhist(dataset$edad, main = \"Distribución de la Edad\", xlab = \"Edad\")\n```\n\n\nDistribución de edad y género\n```{r}\n\n```\n\n\n### Variables categóricas\n\nFrecuencias:\n```{r}\n# Tabla de frecuencias\ntable(dataset$sexo)\n```\n\n\nVisualización:\n```{r}\n# Gráfico de barras\nbarplot(table(dataset$sexo), main = \"Distribución por Sexo\", col = \"lightblue\")\n```\n\n\n\n### Variables de fecha\n\nRangos de fechas:\n```{r}\n# Resumen de fechas\nsummary(dataset$fecha_contratacion)\n```\n\nVisualización de tendencias:\n```{r}\n# Gráfico de líneas para eventos temporales\nlibrary(ggplot2)\nggplot(dataset, aes(x = fecha_contratacion)) +\n  geom_histogram(binwidth = 365, fill = \"blue\", color = \"white\") +\n  labs(title = \"Contrataciones a lo Largo del Tiempo\", x = \"Fecha\", y = \"Conteo\")\n```\n\n## Análisis bivariado\n\n### Numérica vs. numérica\n\nCorrelación:\n```{r}\n# Matriz de correlación\ncor(dataset[, sapply(dataset, is.numeric)])\n```\n\n\n### Numérica vs. categórica\n\nComparación entre grupos:\n```{r}\n# Prueba t y boxplot\nboxplot(edad ~ sexo, data = dataset, main = \"Comparación de Edad por Sexo\")\nt.test(edad ~ sexo, data = dataset)\n```\n\n### Categórica vs. categórica\n\nTablas de contingencia:\n```{r}\n# Tabla cruzada\ntable(dataset$sexo, dataset$estado_civil)\nchisq.test(table(dataset$sexo, dataset$estado_civil))\n```\n\n### Visualizaciones avanzadas\n\nCorrelación entre variables numéricas:\n```{r}\n# Gráfico de tendencia temporal\nggplot(dataset, aes(x = fecha_inicio_ausencia, y = dias_ausencia)) +\n  geom_line() +\n  labs(title = \"Tendencia de Días de Ausencia\", x = \"Fecha\", y = \"Días de Ausencia\")\n```\n\nPatrones temporales:\n```{r}\n# Mapa de calor de correlaciones\nlibrary(corrplot)\ncorrplot(cor(dataset[, sapply(dataset, is.numeric)]), method = \"circle\")\n```\n\n\n## Resumen y conclusiones\n\nHallazgos clave:\nEdad promedio de los empleados: r mean(dataset$edad, na.rm = TRUE).\nLa mayoría de las ausencias ocurren en el departamento de producción.\nPróximos pasos:\nAnalizar factores predictivos de ausentismo usando modelos estadísticos.\n\n## Apéndice\n\n### Información de sesión\n\n`r sessionInfo()`\n\n"},"formats":{"html":{"identifier":{"display-name":"HTML","target-format":"html","base-format":"html"},"execute":{"fig-width":7,"fig-height":5,"fig-format":"retina","fig-dpi":96,"df-print":"default","error":false,"eval":true,"cache":null,"freeze":false,"echo":false,"output":true,"warning":true,"include":true,"keep-md":false,"keep-ipynb":false,"ipynb":null,"enabled":true,"daemon":null,"daemon-restart":false,"debug":false,"ipynb-filters":[],"ipynb-shell-interactivity":null,"plotly-connected":true,"message":true,"engine":"knitr"},"render":{"keep-tex":false,"keep-typ":false,"keep-source":false,"keep-hidden":false,"prefer-html":false,"output-divs":true,"output-ext":"html","fig-align":"default","fig-pos":null,"fig-env":null,"code-fold":true,"code-overflow":"scroll","code-link":false,"code-line-numbers":false,"code-tools":false,"tbl-colwidths":"auto","merge-includes":true,"inline-includes":false,"preserve-yaml":false,"latex-auto-mk":true,"latex-auto-install":true,"latex-clean":true,"latex-min-runs":1,"latex-max-runs":10,"latex-makeindex":"makeindex","latex-makeindex-opts":[],"latex-tlmgr-opts":[],"latex-input-paths":[],"latex-output-dir":null,"link-external-icon":false,"link-external-newwindow":false,"self-contained-math":false,"format-resources":[],"notebook-links":true},"pandoc":{"standalone":true,"wrap":"none","default-image-extension":"png","to":"html","toc":true,"toc-depth":2,"css":["resources/styles.css"],"include-before-body":["resources/header.html"],"include-after-body":["resources/footer.html"],"number-sections":true,"self-contained":true,"output-file":"report_template.html"},"language":{"toc-title-document":"Table of contents","toc-title-website":"On this page","related-formats-title":"Other Formats","related-notebooks-title":"Notebooks","source-notebooks-prefix":"Source","other-links-title":"Other Links","code-links-title":"Code Links","launch-dev-container-title":"Launch Dev Container","launch-binder-title":"Launch Binder","article-notebook-label":"Article Notebook","notebook-preview-download":"Download Notebook","notebook-preview-download-src":"Download Source","notebook-preview-back":"Back to Article","manuscript-meca-bundle":"MECA Bundle","section-title-abstract":"Abstract","section-title-appendices":"Appendices","section-title-footnotes":"Footnotes","section-title-references":"References","section-title-reuse":"Reuse","section-title-copyright":"Copyright","section-title-citation":"Citation","appendix-attribution-cite-as":"For attribution, please cite this work as:","appendix-attribution-bibtex":"BibTeX citation:","appendix-view-license":"View License","title-block-author-single":"Author","title-block-author-plural":"Authors","title-block-affiliation-single":"Affiliation","title-block-affiliation-plural":"Affiliations","title-block-published":"Published","title-block-modified":"Modified","title-block-keywords":"Keywords","callout-tip-title":"Tip","callout-note-title":"Note","callout-warning-title":"Warning","callout-important-title":"Important","callout-caution-title":"Caution","code-summary":"Code","code-tools-menu-caption":"Code","code-tools-show-all-code":"Show All Code","code-tools-hide-all-code":"Hide All Code","code-tools-view-source":"View Source","code-tools-source-code":"Source Code","tools-share":"Share","tools-download":"Download","code-line":"Line","code-lines":"Lines","copy-button-tooltip":"Copy to Clipboard","copy-button-tooltip-success":"Copied!","repo-action-links-edit":"Edit this page","repo-action-links-source":"View source","repo-action-links-issue":"Report an issue","back-to-top":"Back to top","search-no-results-text":"No results","search-matching-documents-text":"matching documents","search-copy-link-title":"Copy link to search","search-hide-matches-text":"Hide additional matches","search-more-match-text":"more match in this document","search-more-matches-text":"more matches in this document","search-clear-button-title":"Clear","search-text-placeholder":"","search-detached-cancel-button-title":"Cancel","search-submit-button-title":"Submit","search-label":"Search","toggle-section":"Toggle section","toggle-sidebar":"Toggle sidebar navigation","toggle-dark-mode":"Toggle dark mode","toggle-reader-mode":"Toggle reader mode","toggle-navigation":"Toggle navigation","crossref-fig-title":"Figure","crossref-tbl-title":"Table","crossref-lst-title":"Listing","crossref-thm-title":"Theorem","crossref-lem-title":"Lemma","crossref-cor-title":"Corollary","crossref-prp-title":"Proposition","crossref-cnj-title":"Conjecture","crossref-def-title":"Definition","crossref-exm-title":"Example","crossref-exr-title":"Exercise","crossref-ch-prefix":"Chapter","crossref-apx-prefix":"Appendix","crossref-sec-prefix":"Section","crossref-eq-prefix":"Equation","crossref-lof-title":"List of Figures","crossref-lot-title":"List of Tables","crossref-lol-title":"List of Listings","environment-proof-title":"Proof","environment-remark-title":"Remark","environment-solution-title":"Solution","listing-page-order-by":"Order By","listing-page-order-by-default":"Default","listing-page-order-by-date-asc":"Oldest","listing-page-order-by-date-desc":"Newest","listing-page-order-by-number-desc":"High to Low","listing-page-order-by-number-asc":"Low to High","listing-page-field-date":"Date","listing-page-field-title":"Title","listing-page-field-description":"Description","listing-page-field-author":"Author","listing-page-field-filename":"File Name","listing-page-field-filemodified":"Modified","listing-page-field-subtitle":"Subtitle","listing-page-field-readingtime":"Reading Time","listing-page-field-wordcount":"Word Count","listing-page-field-categories":"Categories","listing-page-minutes-compact":"{0} min","listing-page-category-all":"All","listing-page-no-matches":"No matching items","listing-page-words":"{0} words","listing-page-filter":"Filter","draft":"Draft"},"metadata":{"lang":"en","fig-responsive":true,"quarto-version":"1.6.39","report_title":"Análisis de la administración del personal","report_subtitle":"SIAP - IMSS","tipo_plantilla":"Plantilla ordinaria","quincena":"Quincena 17 del 2024","author_1":"Antonio J Berlanga Taylor","date":"","toc-location":"left","toc-expand":2,"title":"Análisis de la administración del personal","subtitle":"SIAP - IMSS"},"extensions":{"book":{"multiFile":true}}}},"projectFormats":["html"]}